{
  "code": {
    "lines": 2592,
    "days": 32.4,
    "hours": 259.2,
    "breakdown": {}
  },
  "markdown": {
    "lines": 12286,
    "days": 57.06933333333334,
    "hours": 456.5546666666667,
    "breakdown": {
      "skill_definitions": {
        "lines": 2972,
        "days": 19.813333333333333,
        "hours": 158.50666666666666
      },
      "documentation": {
        "lines": 272,
        "days": 1.088,
        "hours": 8.704
      },
      "references": {
        "lines": 7200,
        "days": 28.8,
        "hours": 230.4
      },
      "other": {
        "lines": 1842,
        "days": 7.368,
        "hours": 58.944
      }
    }
  },
  "workflows": {
    "lines": 0,
    "days": 0,
    "hours": 0.0
  },
  "base_days": 89.46933333333334,
  "planning_overhead_days": 13.4204,
  "total_days": 102.88973333333334,
  "total_hours": 823.1178666666667,
  "total_weeks": 20.57794666666667,
  "total_months": 5.144486666666667,
  "skills_count": 15
}