{
  "code": {
    "lines": 2592,
    "days": 129.6,
    "hours": 1036.8,
    "breakdown": {}
  },
  "markdown": {
    "lines": 12286,
    "days": 142.67333333333335,
    "hours": 1141.3866666666668,
    "breakdown": {
      "skill_definitions": {
        "lines": 2972,
        "days": 49.53333333333333,
        "hours": 396.26666666666665
      },
      "documentation": {
        "lines": 272,
        "days": 2.72,
        "hours": 21.76
      },
      "references": {
        "lines": 7200,
        "days": 72.0,
        "hours": 576.0
      },
      "other": {
        "lines": 1842,
        "days": 18.42,
        "hours": 147.36
      }
    }
  },
  "workflows": {
    "lines": 0,
    "days": 0,
    "hours": 0.0
  },
  "base_days": 272.2733333333333,
  "planning_overhead_days": 81.68199999999999,
  "total_days": 353.95533333333333,
  "total_hours": 2831.6426666666666,
  "total_weeks": 70.79106666666667,
  "total_months": 17.697766666666666,
  "skills_count": 15
}